-- phpMyAdmin SQL Dump
-- version 5.2.1
-- https://www.phpmyadmin.net/
--
-- Host: 127.0.0.1
-- Generation Time: Apr 25, 2026 at 03:34 PM
-- Server version: 10.4.32-MariaDB
-- PHP Version: 8.2.12

SET SQL_MODE = "NO_AUTO_VALUE_ON_ZERO";
START TRANSACTION;
SET time_zone = "+00:00";


/*!40101 SET @OLD_CHARACTER_SET_CLIENT=@@CHARACTER_SET_CLIENT */;
/*!40101 SET @OLD_CHARACTER_SET_RESULTS=@@CHARACTER_SET_RESULTS */;
/*!40101 SET @OLD_COLLATION_CONNECTION=@@COLLATION_CONNECTION */;
/*!40101 SET NAMES utf8mb4 */;

--
-- Database: `parking_db_v2`
--

-- --------------------------------------------------------

--
-- Table structure for table `admin_users`
--

CREATE TABLE `admin_users` (
  `user_id` int(11) NOT NULL,
  `username` varchar(50) NOT NULL,
  `password_hash` varchar(255) NOT NULL,
  `role` enum('superadmin','admin','operator') NOT NULL DEFAULT 'operator',
  `full_name` varchar(100) DEFAULT NULL,
  `last_login` datetime DEFAULT NULL,
  `is_active` tinyint(1) NOT NULL DEFAULT 1,
  `created_at` datetime DEFAULT current_timestamp()
) ENGINE=InnoDB DEFAULT CHARSET=utf8mb4 COLLATE=utf8mb4_general_ci;

--
-- Dumping data for table `admin_users`
--

INSERT INTO `admin_users` (`user_id`, `username`, `password_hash`, `role`, `full_name`, `last_login`, `is_active`, `created_at`) VALUES
(1, 'superadmin', '$2y$12$j9EHTFegzhX09/TrrtRSeOrlyyuq7ATqeBWu9BgLRePAmz.BcoIkW', 'superadmin', 'Super Administrator', '2026-04-25 18:24:41', 1, '2026-04-15 02:00:11'),
(2, 'admin', '$2y$12$F1jessB4rWaX/TLy13UM4u4gX9mjDKlGR9kuJNM6CZMxuENgDmJsq', 'admin', 'Administrator', '2026-04-22 17:42:50', 1, '2026-04-15 02:00:11'),
(3, 'operator', '$2y$12$T8L0BnRDgpbSCOA7kzR7Qe1ANCOjiIGoCtpSK4a8wktQTmG2jvoJW', 'operator', 'Parking Operator', '2026-04-22 17:17:44', 1, '2026-04-15 02:00:11');

-- --------------------------------------------------------

--
-- Table structure for table `floor`
--

CREATE TABLE `floor` (
  `floor_id` int(11) NOT NULL,
  `floor_code` varchar(10) NOT NULL,
  `floor_name` varchar(50) NOT NULL,
  `total_car_slots` int(11) NOT NULL DEFAULT 0,
  `total_motorcycle_slots` int(11) NOT NULL DEFAULT 0
) ENGINE=InnoDB DEFAULT CHARSET=utf8mb4 COLLATE=utf8mb4_general_ci;

--
-- Dumping data for table `floor`
--

INSERT INTO `floor` (`floor_id`, `floor_code`, `floor_name`, `total_car_slots`, `total_motorcycle_slots`) VALUES
(1, 'G', 'Ground Floor', 10, 10),
(2, 'L1', 'Level 1', 10, 10),
(3, 'L2', 'Level 2', 10, 10);

-- --------------------------------------------------------

--
-- Table structure for table `operator`
--

CREATE TABLE `operator` (
  `operator_id` int(11) NOT NULL,
  `full_name` varchar(100) NOT NULL,
  `shift` varchar(50) DEFAULT NULL,
  `staff_type` enum('admin','operator') DEFAULT 'operator',
  `phone` varchar(20) DEFAULT NULL,
  `created_at` datetime DEFAULT current_timestamp()
) ENGINE=InnoDB DEFAULT CHARSET=utf8mb4 COLLATE=utf8mb4_general_ci;

--
-- Dumping data for table `operator`
--

INSERT INTO `operator` (`operator_id`, `full_name`, `shift`, `staff_type`, `phone`, `created_at`) VALUES
(1, 'Rizky Pratama', '06:00 - 12:00', 'operator', '089001122334', '2026-04-14 17:57:13'),
(2, 'Sari Indah', '12:00 - 18:00', 'operator', '089002233445', '2026-04-14 17:57:13'),
(3, 'Tono Budiman', '18:00 - 00:00', 'operator', '089003344556', '2026-04-14 17:57:13'),
(4, 'Ulan Permata', '00:00 - 06:00', 'operator', '089004455667', '2026-04-14 17:57:13'),
(5, 'Andi Admin', '06:00 - 18:00 (Day)', 'admin', '081234567890', '2026-04-15 02:12:55'),
(6, 'Budi Admin', '18:00 - 06:00 (Night)', 'admin', '081234567891', '2026-04-15 02:12:55');

-- --------------------------------------------------------

--
-- Table structure for table `parking_rate`
--

CREATE TABLE `parking_rate` (
  `rate_id` int(11) NOT NULL,
  `vehicle_type` enum('car','motorcycle') NOT NULL,
  `first_hour_rate` decimal(10,2) NOT NULL,
  `next_hour_rate` decimal(10,2) NOT NULL,
  `daily_max_rate` decimal(10,2) NOT NULL
) ENGINE=InnoDB DEFAULT CHARSET=utf8mb4 COLLATE=utf8mb4_general_ci;

--
-- Dumping data for table `parking_rate`
--

INSERT INTO `parking_rate` (`rate_id`, `vehicle_type`, `first_hour_rate`, `next_hour_rate`, `daily_max_rate`) VALUES
(1, 'car', 4000.00, 2000.00, 50000.00),
(2, 'motorcycle', 2000.00, 1000.00, 25000.00);

-- --------------------------------------------------------

--
-- Table structure for table `parking_slot`
--

CREATE TABLE `parking_slot` (
  `slot_id` int(11) NOT NULL,
  `slot_number` varchar(10) NOT NULL,
  `slot_type` enum('car','motorcycle') NOT NULL,
  `floor_id` int(11) NOT NULL,
  `status` enum('available','occupied','reserved','maintenance') NOT NULL DEFAULT 'available',
  `is_reservation_only` tinyint(1) DEFAULT 0
) ENGINE=InnoDB DEFAULT CHARSET=utf8mb4 COLLATE=utf8mb4_general_ci;

--
-- Dumping data for table `parking_slot`
--

INSERT INTO `parking_slot` (`slot_id`, `slot_number`, `slot_type`, `floor_id`, `status`, `is_reservation_only`) VALUES
(1, '#1', 'car', 1, 'occupied', 0),
(2, '#2', 'car', 1, 'occupied', 0),
(3, '#3', 'car', 1, 'occupied', 0),
(4, '#4', 'car', 1, 'occupied', 0),
(5, '#5', 'car', 1, 'occupied', 0),
(6, '#6', 'car', 1, 'occupied', 0),
(7, '#7', 'car', 1, 'occupied', 0),
(8, '#8', 'car', 1, 'available', 0),
(9, '#9', 'car', 1, 'available', 0),
(10, '#10', 'car', 1, 'available', 0),
(11, '#11', 'car', 1, 'occupied', 0),
(12, '#12', 'car', 1, 'occupied', 0),
(13, '#13', 'car', 1, 'available', 0),
(14, '#14', 'car', 1, 'available', 0),
(15, '#15', 'car', 1, 'available', 0),
(16, '#16', 'car', 1, 'available', 0),
(17, '#17', 'car', 1, 'available', 0),
(18, '#18', 'car', 1, 'available', 0),
(19, '#19', 'car', 1, 'available', 0),
(20, '#20', 'car', 1, 'available', 0),
(21, '#21', 'car', 1, 'available', 0),
(22, '#22', 'car', 1, 'available', 0),
(23, '#23', 'car', 1, 'available', 0),
(24, '#24', 'car', 1, 'available', 0),
(25, '#25', 'car', 1, 'available', 0),
(26, '#26', 'motorcycle', 1, 'occupied', 0),
(27, '#27', 'motorcycle', 1, 'occupied', 0),
(28, '#28', 'motorcycle', 1, 'occupied', 0),
(29, '#29', 'motorcycle', 1, 'occupied', 0),
(30, '#30', 'motorcycle', 1, 'occupied', 0),
(31, '#31', 'motorcycle', 1, 'occupied', 0),
(32, '#32', 'motorcycle', 1, 'occupied', 0),
(33, '#33', 'motorcycle', 1, 'occupied', 0),
(34, '#34', 'motorcycle', 1, 'occupied', 0),
(35, '#35', 'motorcycle', 1, 'occupied', 0),
(36, '#36', 'motorcycle', 1, 'available', 0),
(37, '#37', 'motorcycle', 1, 'available', 0),
(38, '#38', 'motorcycle', 1, 'available', 0),
(39, '#39', 'motorcycle', 1, 'available', 0),
(40, '#40', 'motorcycle', 1, 'available', 0),
(41, '#41', 'motorcycle', 1, 'available', 0),
(42, '#42', 'motorcycle', 1, 'available', 0),
(43, '#43', 'motorcycle', 1, 'available', 0),
(44, '#44', 'motorcycle', 1, 'available', 0),
(45, '#45', 'motorcycle', 1, 'available', 0),
(46, '#46', 'motorcycle', 1, 'available', 0),
(47, '#47', 'motorcycle', 1, 'available', 0),
(48, '#48', 'motorcycle', 1, 'available', 0),
(49, '#49', 'motorcycle', 1, 'available', 0),
(50, '#50', 'motorcycle', 1, 'available', 0),
(51, '#RES1', 'car', 1, 'reserved', 1),
(52, '#RES2', 'car', 1, 'reserved', 1),
(53, '#RES3', 'car', 1, 'reserved', 1),
(54, '#RES4', 'car', 1, 'available', 1),
(55, '#RES5', 'car', 1, 'available', 1),
(56, '#RES6', 'motorcycle', 1, 'available', 1),
(57, '#RES7', 'motorcycle', 1, 'available', 1),
(58, '#RES8', 'motorcycle', 1, 'available', 1),
(59, '#RES9', 'motorcycle', 1, 'available', 1),
(60, '#RES10', 'motorcycle', 1, 'available', 1);

-- --------------------------------------------------------

--
-- Table structure for table `plate_scan_log`
--

CREATE TABLE `plate_scan_log` (
  `scan_id` int(11) NOT NULL,
  `plate_number` varchar(15) DEFAULT NULL,
  `scan_time` datetime NOT NULL DEFAULT current_timestamp(),
  `scan_type` enum('entry','exit') NOT NULL,
  `ticket_code` varchar(20) DEFAULT NULL,
  `matched` tinyint(1) NOT NULL DEFAULT 0,
  `gate_action` enum('open','reject') NOT NULL DEFAULT 'reject'
) ENGINE=InnoDB DEFAULT CHARSET=utf8mb4 COLLATE=utf8mb4_general_ci;

--
-- Dumping data for table `plate_scan_log`
--

INSERT INTO `plate_scan_log` (`scan_id`, `plate_number`, `scan_time`, `scan_type`, `ticket_code`, `matched`, `gate_action`) VALUES
(299, NULL, '2026-04-25 14:25:45', 'entry', 'TKT-260425-01FE', 0, 'open'),
(300, NULL, '2026-04-25 14:27:10', 'entry', 'TKT-260425-45F2', 0, 'open'),
(301, NULL, '2026-04-25 14:27:21', 'exit', 'TKT-260425-45F2', 1, 'open'),
(302, NULL, '2026-04-25 14:35:56', 'entry', 'TKT-260425-F2D6', 0, 'open'),
(303, NULL, '2026-04-25 14:38:29', 'entry', 'TKT-260425-BF38', 0, 'open'),
(304, NULL, '2026-04-25 14:38:36', 'entry', 'TKT-260425-7E25', 0, 'open'),
(305, NULL, '2026-04-25 14:46:24', 'entry', 'TKT-260425-C15D', 0, 'open'),
(306, NULL, '2026-04-25 15:17:34', 'entry', 'TKT-260425-2985', 0, 'open'),
(307, NULL, '2026-04-25 15:17:41', 'entry', 'TKT-260425-A28E', 0, 'open'),
(308, NULL, '2026-04-25 17:42:28', 'entry', 'TKT-260425-3924', 0, 'open'),
(309, NULL, '2026-04-25 17:43:13', 'entry', 'TKT-260425-16E0', 0, 'open'),
(310, NULL, '2026-04-25 17:43:48', 'entry', 'TKT-260425-408D', 0, 'open'),
(311, NULL, '2026-04-25 17:45:04', 'entry', 'TKT-260425-A297', 0, 'open'),
(312, NULL, '2026-04-25 17:45:09', 'entry', 'TKT-260425-CD0C', 0, 'open'),
(313, NULL, '2026-04-25 17:45:36', 'exit', 'TKT-260425-CD0C', 1, 'open'),
(314, NULL, '2026-04-25 17:47:43', 'exit', 'TKT-260425-A297', 1, 'open'),
(315, NULL, '2026-04-25 18:22:39', 'entry', 'TKT-260425-8A1D', 0, 'open'),
(316, NULL, '2026-04-25 18:23:00', 'entry', 'TKT-260425-BA70', 0, 'open'),
(317, NULL, '2026-04-25 18:24:48', 'entry', 'TKT-260425-ECA9', 0, 'open'),
(318, NULL, '2026-04-25 18:24:56', 'entry', 'TKT-260425-10D7', 0, 'open'),
(319, NULL, '2026-04-25 18:25:58', 'entry', 'TKT-260425-1BC4', 0, 'open'),
(320, NULL, '2026-04-25 18:26:08', 'exit', 'TKT-260425-1BC4', 1, 'open'),
(321, NULL, '2026-04-25 18:26:48', 'entry', 'TKT-260425-9E38', 0, 'open'),
(322, NULL, '2026-04-25 18:27:08', 'exit', 'TKT-260425-9E38', 1, 'open'),
(323, NULL, '2026-04-25 18:27:14', 'entry', 'TKT-260425-51D6', 0, 'open'),
(324, NULL, '2026-04-25 18:27:20', 'entry', 'TKT-260425-8E88', 0, 'open'),
(325, NULL, '2026-04-25 18:27:45', 'exit', 'TKT-260425-8E88', 1, 'open'),
(326, NULL, '2026-04-25 18:27:55', 'entry', 'TKT-260425-1D22', 0, 'open'),
(327, NULL, '2026-04-25 18:28:08', 'exit', 'TKT-260425-1D22', 1, 'open'),
(328, NULL, '2026-04-25 18:35:56', 'entry', 'TKT-260425-5D00', 0, 'open'),
(329, NULL, '2026-04-25 18:36:03', 'entry', 'TKT-260425-6F86', 0, 'open'),
(330, NULL, '2026-04-25 18:36:27', 'entry', 'TKT-260425-1CCB', 0, 'open'),
(331, NULL, '2026-04-25 18:37:28', 'exit', 'TKT-260425-1CCB', 1, 'open'),
(332, NULL, '2026-04-25 18:38:51', 'entry', 'TKT-260425-43E8', 0, 'open'),
(333, NULL, '2026-04-25 18:40:41', 'entry', 'TKT-260425-7C70', 0, 'open'),
(334, NULL, '2026-04-25 18:41:16', 'entry', 'TKT-260425-87AD', 0, 'open'),
(335, NULL, '2026-04-25 18:41:27', 'exit', 'TKT-260425-87AD', 1, 'open');

-- --------------------------------------------------------

--
-- Table structure for table `reservation`
--

CREATE TABLE `reservation` (
  `reservation_id` int(11) NOT NULL,
  `plate_number` varchar(15) DEFAULT NULL,
  `vehicle_id` int(11) NOT NULL,
  `slot_id` int(11) NOT NULL,
  `reservation_code` varchar(20) NOT NULL,
  `reserved_from` datetime NOT NULL,
  `reserved_until` datetime NOT NULL,
  `status` enum('pending','confirmed','cancelled','expired','used') NOT NULL DEFAULT 'pending',
  `created_at` datetime DEFAULT current_timestamp()
) ENGINE=InnoDB DEFAULT CHARSET=utf8mb4 COLLATE=utf8mb4_general_ci;

--
-- Dumping data for table `reservation`
--

INSERT INTO `reservation` (`reservation_id`, `plate_number`, `vehicle_id`, `slot_id`, `reservation_code`, `reserved_from`, `reserved_until`, `status`, `created_at`) VALUES
(19, 'B 6712 EE', 116, 51, 'RSV-260425-0C9C', '2026-04-25 13:54:48', '2026-04-26 02:54:48', 'confirmed', '2026-04-25 12:18:40'),
(20, 'B 6712 EE', 116, 52, 'RSV-260425-6156', '2026-04-25 13:54:48', '2026-04-26 02:54:48', 'confirmed', '2026-04-25 12:35:42'),
(21, 'B 6712 EE', 116, 53, 'RSV-260425-79ED', '2026-04-25 13:54:48', '2026-04-26 02:54:48', 'confirmed', '2026-04-25 12:51:46');

-- --------------------------------------------------------

--
-- Table structure for table `shift_attendance`
--

CREATE TABLE `shift_attendance` (
  `attendance_id` int(11) NOT NULL,
  `user_id` int(11) NOT NULL,
  `staff_id` int(11) NOT NULL,
  `check_in_time` datetime DEFAULT current_timestamp(),
  `is_active` tinyint(1) DEFAULT 1
) ENGINE=InnoDB DEFAULT CHARSET=utf8mb4 COLLATE=utf8mb4_general_ci;

--
-- Dumping data for table `shift_attendance`
--

INSERT INTO `shift_attendance` (`attendance_id`, `user_id`, `staff_id`, `check_in_time`, `is_active`) VALUES
(1, 3, 1, '2026-04-15 02:19:50', 0),
(2, 3, 1, '2026-04-15 02:19:53', 0),
(3, 3, 1, '2026-04-15 02:19:54', 0),
(4, 3, 1, '2026-04-15 02:19:54', 0),
(5, 3, 1, '2026-04-15 02:19:54', 0),
(6, 3, 1, '2026-04-15 02:19:55', 0),
(7, 3, 3, '2026-04-15 02:19:58', 0),
(8, 3, 3, '2026-04-15 02:19:59', 0),
(9, 3, 3, '2026-04-15 02:19:59', 0),
(10, 3, 3, '2026-04-15 02:19:59', 0),
(11, 3, 4, '2026-04-15 02:20:01', 0),
(12, 3, 4, '2026-04-15 02:20:01', 0),
(13, 3, 1, '2026-04-15 02:20:03', 0),
(14, 3, 1, '2026-04-15 02:20:03', 0),
(15, 3, 1, '2026-04-15 02:20:05', 0),
(16, 3, 1, '2026-04-15 02:20:05', 0),
(17, 3, 2, '2026-04-15 02:20:06', 0),
(18, 3, 2, '2026-04-15 02:20:07', 0),
(19, 3, 2, '2026-04-15 02:20:07', 0),
(20, 3, 4, '2026-04-15 02:26:58', 0),
(21, 2, 5, '2026-04-15 02:27:15', 0),
(22, 2, 5, '2026-04-15 02:36:09', 0),
(23, 3, 1, '2026-04-15 02:37:40', 0),
(24, 2, 6, '2026-04-15 02:39:14', 0),
(25, 3, 1, '2026-04-15 02:43:20', 0),
(26, 2, 5, '2026-04-15 02:43:40', 0),
(27, 3, 1, '2026-04-15 16:09:06', 0),
(28, 3, 1, '2026-04-15 19:07:04', 0),
(29, 2, 5, '2026-04-15 19:07:17', 0),
(30, 2, 5, '2026-04-15 19:56:04', 0),
(31, 2, 5, '2026-04-15 22:48:48', 0),
(32, 2, 5, '2026-04-15 23:16:15', 0),
(33, 2, 5, '2026-04-15 23:24:19', 0),
(34, 2, 5, '2026-04-16 01:47:01', 0),
(35, 2, 5, '2026-04-16 18:46:22', 0),
(36, 2, 5, '2026-04-17 02:23:32', 0),
(37, 2, 5, '2026-04-17 02:40:57', 0),
(38, 2, 5, '2026-04-17 22:40:27', 0),
(39, 2, 6, '2026-04-18 02:26:09', 0),
(40, 2, 5, '2026-04-18 20:44:23', 0),
(41, 2, 5, '2026-04-18 21:19:21', 0),
(42, 3, 1, '2026-04-22 16:52:41', 0),
(43, 3, 1, '2026-04-22 17:15:10', 0),
(44, 3, 4, '2026-04-22 17:17:49', 1),
(45, 2, 6, '2026-04-22 17:42:59', 1);

-- --------------------------------------------------------

--
-- Table structure for table `ticket`
--

CREATE TABLE `ticket` (
  `ticket_id` int(11) NOT NULL,
  `ticket_code` varchar(20) NOT NULL,
  `transaction_id` int(11) NOT NULL,
  `issued_at` datetime NOT NULL DEFAULT current_timestamp(),
  `status` enum('active','used','void') NOT NULL DEFAULT 'active'
) ENGINE=InnoDB DEFAULT CHARSET=utf8mb4 COLLATE=utf8mb4_general_ci;

--
-- Dumping data for table `ticket`
--

INSERT INTO `ticket` (`ticket_id`, `ticket_code`, `transaction_id`, `issued_at`, `status`) VALUES
(1, 'TKT-20260414-1E6E', 1, '2026-04-14 19:22:23', 'used'),
(2, 'TKT-20260414-57DE', 2, '2026-04-14 23:49:13', 'used'),
(3, 'TKT-20260414-DC45', 3, '2026-04-15 00:37:25', 'used'),
(4, 'TKT-20260414-F99F', 4, '2026-04-15 01:14:14', 'used'),
(5, 'TKT-20260414-F6D3', 5, '2026-04-15 01:14:20', 'used'),
(6, 'TKT-20260414-1EDE', 6, '2026-04-15 01:14:52', 'used'),
(7, 'TKT-20260414-EE4C', 7, '2026-04-15 01:14:57', 'used'),
(8, 'TKT-20260414-FBD0', 8, '2026-04-15 01:17:49', 'used'),
(9, 'TKT-20260414-0B2A', 9, '2026-04-15 01:20:18', 'used'),
(10, 'TKT-20260414-C3E3', 10, '2026-04-15 01:20:34', 'used'),
(11, 'TKT-20260414-F207', 11, '2026-04-15 01:21:09', 'used'),
(12, 'TKT-20260414-988B', 12, '2026-04-15 01:22:21', 'used'),
(13, 'TKT-20260415-2827', 13, '2026-04-15 16:31:33', 'used'),
(14, 'TKT-20260416-380A', 14, '2026-04-16 02:23:26', 'used'),
(15, 'TKT-20260416-39F4', 15, '2026-04-16 02:56:45', 'used'),
(16, 'TKT-20260416-10C3', 16, '2026-04-16 02:56:50', 'used'),
(17, 'TKT-20260416-D8D7', 17, '2026-04-16 02:56:55', 'used'),
(18, 'TKT-20260416-AAED', 18, '2026-04-16 02:57:19', 'used'),
(19, 'TKT-20260416-7DA9', 19, '2026-04-16 03:02:14', 'used'),
(20, 'TKT-20260416-E301', 20, '2026-04-16 03:02:21', 'used'),
(21, 'TKT-20260417-DBBC', 21, '2026-04-17 02:42:40', 'used'),
(22, 'TKT-20260417-86D8', 22, '2026-04-17 22:08:27', 'used'),
(23, 'TKT-20260418-A54A', 23, '2026-04-18 00:26:43', 'used'),
(24, 'TKT-20260418-875E', 24, '2026-04-18 02:44:27', 'used'),
(25, 'TKT-260418-A5CC', 25, '2026-04-18 02:53:53', 'used'),
(26, 'TKT-260418-F957', 26, '2026-04-18 02:54:10', 'used'),
(27, 'TKT-260418-18A5', 27, '2026-04-18 03:00:23', 'used'),
(28, 'TKT-260418-0B60', 28, '2026-04-18 18:56:12', 'used'),
(29, 'TKT-260418-E0BF', 29, '2026-04-18 22:04:00', 'used'),
(30, 'TKT-260418-2454', 30, '2026-04-18 22:04:05', 'used'),
(31, 'TKT-260418-5063', 31, '2026-04-18 22:04:10', 'used'),
(32, 'TKT-260418-FDB4', 32, '2026-04-18 22:04:17', 'used'),
(33, 'TKT-260418-2460', 33, '2026-04-18 22:04:22', 'used'),
(34, 'TKT-260418-87C1', 34, '2026-04-18 22:04:39', 'used'),
(35, 'TKT-260421-418C', 35, '2026-04-21 02:17:06', 'used'),
(36, 'TKT-260421-AA6A', 36, '2026-04-21 02:17:11', 'used'),
(37, 'TKT-260421-C996', 37, '2026-04-21 02:17:16', 'used'),
(38, 'TKT-260421-4741', 38, '2026-04-21 02:17:25', 'used'),
(39, 'TKT-260422-597D', 39, '2026-04-22 02:59:08', 'used'),
(40, 'TKT-260422-3F19', 40, '2026-04-22 02:59:13', 'used'),
(41, 'TKT-260422-7592', 41, '2026-04-22 02:59:18', 'used'),
(42, 'TKT-260422-D09B', 42, '2026-04-22 02:59:22', 'used'),
(43, 'TKT-260422-4562', 43, '2026-04-22 02:59:27', 'used'),
(44, 'TKT-260422-F6D9', 44, '2026-04-22 02:59:33', 'used'),
(45, 'TKT-260422-0FE7', 45, '2026-04-22 02:59:37', 'used'),
(46, 'TKT-260422-C31E', 46, '2026-04-22 02:59:42', 'used'),
(47, 'TKT-260422-39EB', 47, '2026-04-22 17:24:39', 'used'),
(48, 'TKT-260422-CB0D', 48, '2026-04-22 17:25:39', 'used'),
(49, 'TKT-260422-004B', 49, '2026-04-22 17:29:56', 'used'),
(50, 'TKT-260422-789B', 50, '2026-04-22 17:51:44', 'used'),
(51, 'TKT-260422-8F78', 51, '2026-04-22 18:02:35', 'used'),
(52, 'TKT-260422-3535', 52, '2026-04-22 18:04:01', 'used'),
(53, 'TKT-260422-F30A', 53, '2026-04-22 18:06:31', 'used'),
(54, 'TKT-260422-8AFB', 54, '2026-04-22 18:07:15', 'used'),
(55, 'TKT-260422-1F81', 55, '2026-04-22 19:24:41', 'used'),
(56, 'TKT-260422-1914', 56, '2026-04-22 19:24:48', 'used'),
(57, 'TKT-260422-2FBE', 57, '2026-04-22 19:24:54', 'used'),
(58, 'TKT-260422-EC7D', 58, '2026-04-22 22:39:51', 'used'),
(59, 'TKT-260422-0D2D', 59, '2026-04-22 22:39:56', 'used'),
(60, 'TKT-260422-3A4E', 60, '2026-04-22 22:40:01', 'used'),
(61, 'TKT-260422-B3F1', 61, '2026-04-22 22:40:07', 'used'),
(62, 'TKT-260422-FBE0', 62, '2026-04-22 22:40:17', 'used'),
(63, 'TKT-260422-8F19', 63, '2026-04-22 22:40:22', 'used'),
(64, 'TKT-260422-AD19', 64, '2026-04-22 22:40:27', 'used'),
(65, 'TKT-260422-DCAE', 65, '2026-04-22 22:40:32', 'used'),
(66, 'TKT-260422-2729', 66, '2026-04-22 22:40:36', 'used'),
(67, 'TKT-260423-F831', 67, '2026-04-23 00:27:10', 'used'),
(68, 'TKT-260423-FD0B', 68, '2026-04-23 01:29:26', 'used'),
(69, 'TKT-260423-2E95', 69, '2026-04-23 01:29:34', 'used'),
(70, 'TKT-260423-5414', 70, '2026-04-23 01:30:18', 'used'),
(71, 'TKT-260423-351B', 71, '2026-04-23 01:30:26', 'used'),
(72, 'TKT-260423-6969', 72, '2026-04-23 01:34:38', 'used'),
(73, 'TKT-260423-69F6', 73, '2026-04-23 01:48:06', 'used'),
(74, 'TKT-260423-720C', 74, '2026-04-23 02:12:52', 'used'),
(75, 'TKT-260423-2C09', 75, '2026-04-23 02:27:00', 'used'),
(76, 'TKT-260423-8AF3', 76, '2026-04-23 17:06:51', 'used'),
(77, 'TKT-260423-5DDB', 77, '2026-04-23 17:30:16', 'used'),
(78, 'TKT-260423-2C04', 78, '2026-04-23 17:35:59', 'used'),
(79, 'TKT-260423-C9FC', 79, '2026-04-23 17:38:46', 'used'),
(80, 'TKT-260423-4E1E', 80, '2026-04-23 18:47:51', 'used'),
(81, 'TKT-260423-0227', 81, '2026-04-23 18:48:15', 'used'),
(82, 'TKT-260423-B452', 82, '2026-04-23 18:51:37', 'used'),
(83, 'TKT-260423-62D3', 83, '2026-04-23 18:51:46', 'used'),
(84, 'TKT-260423-2A1B', 84, '2026-04-23 18:54:24', 'used'),
(85, 'TKT-260423-1535', 85, '2026-04-23 18:57:30', 'used'),
(86, 'TKT-260423-81AB', 86, '2026-04-23 18:57:41', 'used'),
(87, 'TKT-260423-AC60', 87, '2026-04-23 19:04:23', 'used'),
(88, 'TKT-260423-577F', 88, '2026-04-23 22:52:10', 'used'),
(89, 'TKT-260423-5ADB', 89, '2026-04-23 22:52:15', 'used'),
(90, 'TKT-260424-AAA8', 90, '2026-04-24 22:43:48', 'used'),
(91, 'TKT-260424-3F03', 91, '2026-04-24 23:08:45', 'used'),
(92, 'TKT-260424-0E00', 92, '2026-04-24 23:10:09', 'used'),
(93, 'TKT-260424-1BD9', 93, '2026-04-24 23:10:15', 'used'),
(94, 'TKT-260425-46CA', 94, '2026-04-25 12:02:51', 'used'),
(95, 'TKT-260425-2CD0', 95, '2026-04-25 12:02:59', 'used'),
(96, 'TKT-260425-B8A6', 97, '2026-04-25 12:13:55', 'used'),
(97, 'TKT-260425-D4B0', 98, '2026-04-25 12:14:05', 'used'),
(98, 'RSV-260425-0C9C', 99, '2026-04-25 12:25:51', 'used'),
(99, 'RSV-260425-6156', 100, '2026-04-25 12:38:10', 'used'),
(100, 'RSV-260425-79ED', 101, '2026-04-25 12:59:46', 'used'),
(101, 'TKT-260425-01FE', 102, '2026-04-25 14:25:45', 'active'),
(102, 'TKT-260425-45F2', 103, '2026-04-25 14:27:10', 'used'),
(103, 'TKT-260425-F2D6', 104, '2026-04-25 14:35:56', 'active'),
(104, 'TKT-260425-BF38', 105, '2026-04-25 14:38:29', 'active'),
(105, 'TKT-260425-7E25', 106, '2026-04-25 14:38:36', 'active'),
(106, 'TKT-260425-C15D', 107, '2026-04-25 14:46:24', 'active'),
(107, 'TKT-260425-2985', 108, '2026-04-25 15:17:34', 'active'),
(108, 'TKT-260425-A28E', 109, '2026-04-25 15:17:41', 'active'),
(109, 'TKT-260425-3924', 110, '2026-04-25 17:42:28', 'active'),
(110, 'TKT-260425-16E0', 111, '2026-04-25 17:43:13', 'active'),
(111, 'TKT-260425-408D', 112, '2026-04-25 17:43:48', 'active'),
(112, 'TKT-260425-A297', 113, '2026-04-25 17:45:04', 'used'),
(113, 'TKT-260425-CD0C', 114, '2026-04-25 17:45:09', 'used'),
(114, 'TKT-260425-8A1D', 115, '2026-04-25 18:22:39', 'active'),
(115, 'TKT-260425-BA70', 116, '2026-04-25 18:23:00', 'active'),
(116, 'TKT-260425-ECA9', 117, '2026-04-25 18:24:48', 'active'),
(117, 'TKT-260425-10D7', 118, '2026-04-25 18:24:56', 'active'),
(118, 'TKT-260425-1BC4', 119, '2026-04-25 18:25:58', 'used'),
(119, 'TKT-260425-9E38', 120, '2026-04-25 18:26:48', 'used'),
(120, 'TKT-260425-51D6', 121, '2026-04-25 18:27:14', 'active'),
(121, 'TKT-260425-8E88', 122, '2026-04-25 18:27:20', 'used'),
(122, 'TKT-260425-1D22', 123, '2026-04-25 18:27:55', 'used'),
(123, 'TKT-260425-5D00', 124, '2026-04-25 18:35:56', 'active'),
(124, 'TKT-260425-6F86', 125, '2026-04-25 18:36:03', 'active'),
(125, 'TKT-260425-1CCB', 126, '2026-04-25 18:36:27', 'used'),
(126, 'TKT-260425-43E8', 127, '2026-04-25 18:38:51', 'active'),
(127, 'TKT-260425-7C70', 128, '2026-04-25 18:40:41', 'active'),
(128, 'TKT-260425-87AD', 129, '2026-04-25 18:41:16', 'used');

-- --------------------------------------------------------

--
-- Table structure for table `transaction`
--

CREATE TABLE `transaction` (
  `transaction_id` int(11) NOT NULL,
  `vehicle_id` int(11) NOT NULL,
  `slot_id` int(11) NOT NULL,
  `operator_id` int(11) NOT NULL,
  `rate_id` int(11) NOT NULL,
  `reservation_id` int(11) DEFAULT NULL,
  `ticket_code` varchar(20) DEFAULT NULL,
  `check_in_time` datetime NOT NULL DEFAULT current_timestamp(),
  `check_out_time` datetime DEFAULT NULL,
  `duration_hours` decimal(5,2) DEFAULT NULL,
  `total_fee` decimal(10,2) DEFAULT NULL,
  `payment_method` enum('cash','card','e-wallet') NOT NULL DEFAULT 'cash',
  `payment_status` enum('unpaid','paid') NOT NULL DEFAULT 'unpaid',
  `is_lost_ticket` tinyint(1) DEFAULT 0,
  `is_force_checkout` tinyint(1) DEFAULT 0
) ENGINE=InnoDB DEFAULT CHARSET=utf8mb4 COLLATE=utf8mb4_general_ci;

--
-- Dumping data for table `transaction`
--

INSERT INTO `transaction` (`transaction_id`, `vehicle_id`, `slot_id`, `operator_id`, `rate_id`, `reservation_id`, `ticket_code`, `check_in_time`, `check_out_time`, `duration_hours`, `total_fee`, `payment_method`, `payment_status`, `is_lost_ticket`, `is_force_checkout`) VALUES
(1, 1, 1, 1, 1, NULL, 'TKT-20260414-1E6E', '2026-04-14 19:22:23', '2026-04-14 19:26:02', 0.05, 4000.00, 'cash', 'paid', 0, 1),
(2, 3, 1, 1, 1, NULL, 'TKT-20260414-57DE', '2026-04-14 23:49:13', '2026-04-15 00:30:33', 0.68, 4000.00, 'cash', 'paid', 0, 1),
(3, 6, 1, 1, 1, NULL, 'TKT-20260414-DC45', '2026-04-15 00:37:25', '2026-04-15 01:32:52', 0.92, 4000.00, 'cash', 'paid', 0, 1),
(4, 7, 2, 1, 1, NULL, 'TKT-20260414-F99F', '2026-04-15 01:14:14', '2026-04-15 01:35:41', 0.35, 4000.00, 'cash', 'paid', 0, 1),
(5, 8, 3, 1, 1, NULL, 'TKT-20260414-F6D3', '2026-04-15 01:14:20', '2026-04-15 01:36:16', 0.35, 4000.00, 'cash', 'paid', 0, 1),
(6, 9, 4, 1, 1, NULL, 'TKT-20260414-1EDE', '2026-04-15 01:14:52', '2026-04-18 02:22:26', 73.12, 50000.00, 'cash', 'paid', 0, 1),
(7, 10, 5, 1, 1, NULL, 'TKT-20260414-EE4C', '2026-04-15 01:14:57', '2026-04-18 02:22:51', 73.12, 50000.00, 'cash', 'paid', 0, 1),
(8, 11, 6, 1, 1, NULL, 'TKT-20260414-FBD0', '2026-04-15 01:17:49', '2026-04-15 01:45:09', 0.45, 4000.00, 'cash', 'paid', 0, 1),
(9, 12, 7, 1, 1, NULL, 'TKT-20260414-0B2A', '2026-04-15 01:20:18', '2026-04-23 02:23:28', 193.05, 50000.00, 'cash', 'paid', 0, 1),
(10, 13, 8, 1, 1, NULL, 'TKT-20260414-C3E3', '2026-04-15 01:20:34', '2026-04-23 02:23:46', 193.05, 50000.00, 'cash', 'paid', 0, 1),
(11, 14, 9, 1, 1, NULL, 'TKT-20260414-F207', '2026-04-15 01:21:09', '2026-04-15 01:36:29', 0.25, 4000.00, 'cash', 'paid', 0, 1),
(12, 15, 10, 1, 1, NULL, 'TKT-20260414-988B', '2026-04-15 01:22:21', '2026-04-15 01:23:00', 0.02, 4000.00, 'cash', 'paid', 0, 1),
(13, 16, 1, 1, 1, NULL, 'TKT-20260415-2827', '2026-04-15 16:31:33', '2026-04-15 16:32:04', 0.02, 4000.00, 'cash', 'paid', 0, 1),
(14, 18, 6, 1, 1, NULL, 'TKT-20260416-380A', '2026-04-16 02:23:26', '2026-04-23 17:33:19', 183.15, 50000.00, 'cash', 'paid', 0, 1),
(15, 19, 9, 1, 1, NULL, 'TKT-20260416-39F4', '2026-04-16 02:56:45', '2026-04-23 17:38:39', 182.68, 50000.00, 'cash', 'paid', 0, 1),
(16, 20, 10, 1, 1, NULL, 'TKT-20260416-10C3', '2026-04-16 02:56:50', '2026-04-23 18:47:34', 183.83, 50000.00, 'cash', 'paid', 0, 1),
(17, 21, 21, 1, 1, NULL, 'TKT-20260416-D8D7', '2026-04-16 02:56:55', '2026-04-23 18:51:00', 183.90, 50000.00, 'cash', 'paid', 0, 1),
(18, 22, 22, 1, 1, NULL, 'TKT-20260416-AAED', '2026-04-16 02:57:19', '2026-04-23 18:51:13', 183.88, 50000.00, 'cash', 'paid', 0, 1),
(19, 23, 23, 1, 1, NULL, 'TKT-20260416-7DA9', '2026-04-16 03:02:14', '2026-04-18 02:54:45', 47.87, 50000.00, 'cash', 'paid', 0, 1),
(20, 24, 11, 1, 2, NULL, 'TKT-20260416-E301', '2026-04-16 03:02:21', '2026-04-23 18:47:45', 183.75, 20000.00, 'cash', 'paid', 0, 1),
(21, 25, 24, 1, 1, NULL, 'TKT-20260417-DBBC', '2026-04-17 02:42:40', '2026-04-23 18:56:41', 160.23, 50000.00, 'cash', 'paid', 0, 1),
(22, 27, 1, 1, 1, NULL, 'TKT-20260417-86D8', '2026-04-17 22:08:27', '2026-04-23 18:51:24', 140.70, 50000.00, 'cash', 'paid', 0, 1),
(23, 29, 25, 1, 1, NULL, 'TKT-20260418-A54A', '2026-04-18 00:26:43', '2026-04-23 19:04:10', 138.62, 50000.00, 'cash', 'paid', 0, 1),
(24, 31, 4, 1, 1, NULL, 'TKT-20260418-875E', '2026-04-18 02:44:27', '2026-04-23 19:08:51', 136.40, 50000.00, 'cash', 'paid', 0, 1),
(25, 32, 5, 1, 1, NULL, 'TKT-260418-A5CC', '2026-04-18 02:53:53', '2026-04-23 19:09:14', 136.25, 50000.00, 'cash', 'paid', 0, 1),
(26, 33, 26, 1, 1, NULL, 'TKT-260418-F957', '2026-04-18 02:54:10', '2026-04-18 02:55:09', 0.02, 4000.00, 'cash', 'paid', 0, 1),
(27, 34, 23, 1, 1, NULL, 'TKT-260418-18A5', '2026-04-18 03:00:23', '2026-04-18 03:00:41', 0.02, 4000.00, 'cash', 'paid', 0, 1),
(28, 39, 12, 1, 2, NULL, 'TKT-260418-0B60', '2026-04-18 18:56:12', '2026-04-23 18:56:53', 120.00, 20000.00, 'cash', 'paid', 0, 1),
(29, 40, 13, 1, 2, NULL, 'TKT-260418-E0BF', '2026-04-18 22:04:00', '2026-04-23 02:24:42', 100.33, 20000.00, 'cash', 'paid', 0, 1),
(30, 41, 23, 1, 1, NULL, 'TKT-260418-2454', '2026-04-18 22:04:05', '2026-04-23 19:15:13', 117.18, 50000.00, 'cash', 'paid', 0, 1),
(31, 42, 14, 1, 2, NULL, 'TKT-260418-5063', '2026-04-18 22:04:10', '2026-04-23 19:10:51', 117.10, 20000.00, 'cash', 'paid', 0, 1),
(32, 43, 26, 1, 1, NULL, 'TKT-260418-FDB4', '2026-04-18 22:04:17', '2026-04-23 19:21:04', 117.27, 50000.00, 'cash', 'paid', 0, 1),
(33, 44, 15, 1, 2, NULL, 'TKT-260418-2460', '2026-04-18 22:04:22', '2026-04-23 19:18:11', 117.22, 20000.00, 'cash', 'paid', 0, 1),
(34, 45, 27, 1, 1, NULL, 'TKT-260418-87C1', '2026-04-18 22:04:39', '2026-04-23 19:21:46', 117.28, 50000.00, 'cash', 'paid', 0, 1),
(35, 48, 28, 1, 1, NULL, 'TKT-260421-418C', '2026-04-21 02:17:06', '2026-04-23 19:32:08', 65.25, 50000.00, 'cash', 'paid', 0, 1),
(36, 49, 16, 1, 2, NULL, 'TKT-260421-AA6A', '2026-04-21 02:17:11', '2026-04-23 19:24:52', 65.12, 20000.00, 'cash', 'paid', 0, 1),
(37, 50, 29, 1, 1, NULL, 'TKT-260421-C996', '2026-04-21 02:17:16', '2026-04-23 19:30:28', 65.22, 50000.00, 'cash', 'paid', 0, 1),
(38, 51, 17, 1, 2, NULL, 'TKT-260421-4741', '2026-04-21 02:17:25', '2026-04-23 19:29:34', 65.20, 20000.00, 'cash', 'paid', 0, 1),
(39, 53, 41, 1, 1, NULL, 'TKT-260422-597D', '2026-04-22 02:59:08', '2026-04-25 13:09:24', NULL, 50000.00, 'cash', 'paid', 0, 1),
(40, 54, 18, 1, 2, NULL, 'TKT-260422-3F19', '2026-04-22 02:59:13', '2026-04-25 13:09:24', NULL, 20000.00, 'cash', 'paid', 0, 1),
(41, 55, 42, 1, 1, NULL, 'TKT-260422-7592', '2026-04-22 02:59:18', '2026-04-25 13:09:24', NULL, 50000.00, 'cash', 'paid', 0, 1),
(42, 56, 19, 1, 2, NULL, 'TKT-260422-D09B', '2026-04-22 02:59:22', '2026-04-25 13:09:24', NULL, 20000.00, 'cash', 'paid', 0, 1),
(43, 57, 43, 1, 1, NULL, 'TKT-260422-4562', '2026-04-22 02:59:27', '2026-04-25 13:09:24', NULL, 50000.00, 'cash', 'paid', 0, 1),
(44, 58, 20, 1, 2, NULL, 'TKT-260422-F6D9', '2026-04-22 02:59:33', '2026-04-25 13:09:24', NULL, 20000.00, 'cash', 'paid', 0, 1),
(45, 59, 44, 1, 1, NULL, 'TKT-260422-0FE7', '2026-04-22 02:59:37', '2026-04-25 13:09:24', NULL, 50000.00, 'cash', 'paid', 0, 1),
(46, 60, 31, 1, 2, NULL, 'TKT-260422-C31E', '2026-04-22 02:59:42', '2026-04-25 13:09:24', NULL, 20000.00, 'cash', 'paid', 0, 1),
(47, 62, 46, 1, 1, NULL, 'TKT-260422-39EB', '2026-04-22 17:24:39', '2026-04-22 17:25:28', 0.02, 4000.00, 'cash', 'paid', 0, 1),
(48, 63, 32, 1, 2, NULL, 'TKT-260422-CB0D', '2026-04-22 17:25:39', '2026-04-22 17:25:54', 0.02, 2000.00, 'cash', 'paid', 0, 1),
(49, 64, 46, 1, 1, NULL, 'TKT-260422-004B', '2026-04-22 17:29:56', '2026-04-25 13:01:52', NULL, 50000.00, 'cash', 'paid', 0, 1),
(50, 65, 47, 1, 1, NULL, 'TKT-260422-789B', '2026-04-22 17:51:44', '2026-04-22 17:51:54', 0.02, 6500.00, 'cash', 'paid', 0, 1),
(51, 66, 47, 1, 1, NULL, 'TKT-260422-8F78', '2026-04-22 18:02:35', '2026-04-25 13:09:24', NULL, 50000.00, 'cash', 'paid', 0, 1),
(52, 67, 32, 1, 2, NULL, 'TKT-260422-3535', '2026-04-22 18:04:01', '2026-04-25 13:09:24', NULL, 20000.00, 'cash', 'paid', 0, 1),
(53, 68, 48, 1, 1, NULL, 'TKT-260422-F30A', '2026-04-22 18:06:31', '2026-04-25 13:09:24', NULL, 50000.00, 'cash', 'paid', 0, 1),
(54, 69, 33, 1, 2, NULL, 'TKT-260422-8AFB', '2026-04-22 18:07:15', '2026-04-25 13:09:24', NULL, 20000.00, 'cash', 'paid', 0, 1),
(55, 70, 60, 1, 1, NULL, 'TKT-260422-1F81', '2026-04-22 19:24:41', '2026-04-25 13:09:24', NULL, 50000.00, 'cash', 'paid', 0, 1),
(56, 71, 34, 1, 2, NULL, 'TKT-260422-1914', '2026-04-22 19:24:48', '2026-04-25 13:09:24', NULL, 20000.00, 'cash', 'paid', 0, 1),
(57, 72, 35, 1, 2, NULL, 'TKT-260422-2FBE', '2026-04-22 19:24:54', '2026-04-25 13:09:24', NULL, 20000.00, 'cash', 'paid', 0, 1),
(58, 73, 36, 1, 2, NULL, 'TKT-260422-EC7D', '2026-04-22 22:39:51', '2026-04-25 13:09:24', NULL, 20000.00, 'cash', 'paid', 0, 1),
(59, 74, 37, 1, 2, NULL, 'TKT-260422-0D2D', '2026-04-22 22:39:56', '2026-04-25 13:09:24', NULL, 20000.00, 'cash', 'paid', 0, 1),
(60, 75, 38, 1, 2, NULL, 'TKT-260422-3A4E', '2026-04-22 22:40:01', '2026-04-25 13:09:24', NULL, 20000.00, 'cash', 'paid', 0, 1),
(61, 76, 39, 1, 2, NULL, 'TKT-260422-B3F1', '2026-04-22 22:40:07', '2026-04-25 13:09:24', NULL, 20000.00, 'cash', 'paid', 0, 1),
(62, 77, 40, 1, 2, NULL, 'TKT-260422-FBE0', '2026-04-22 22:40:17', '2026-04-25 13:09:24', NULL, 20000.00, 'cash', 'paid', 0, 1),
(63, 78, 49, 1, 2, NULL, 'TKT-260422-8F19', '2026-04-22 22:40:22', '2026-04-25 13:09:24', NULL, 20000.00, 'cash', 'paid', 0, 1),
(64, 79, 50, 1, 2, NULL, 'TKT-260422-AD19', '2026-04-22 22:40:27', '2026-04-25 13:09:24', NULL, 20000.00, 'cash', 'paid', 0, 1),
(65, 80, 51, 1, 2, NULL, 'TKT-260422-DCAE', '2026-04-22 22:40:32', '2026-04-25 13:09:24', NULL, 20000.00, 'cash', 'paid', 0, 1),
(66, 81, 52, 1, 2, NULL, 'TKT-260422-2729', '2026-04-22 22:40:36', '2026-04-25 13:09:24', NULL, 20000.00, 'cash', 'paid', 0, 1),
(67, 82, 61, 1, 1, NULL, 'TKT-260423-F831', '2026-04-23 00:27:10', '2026-04-23 00:37:13', 0.17, 6500.00, 'cash', 'paid', 0, 1),
(68, 83, 61, 1, 1, NULL, 'TKT-260423-FD0B', '2026-04-23 01:29:26', '2026-04-25 13:09:24', NULL, 50000.00, 'cash', 'paid', 0, 1),
(69, 84, 53, 1, 2, NULL, 'TKT-260423-2E95', '2026-04-23 01:29:34', '2026-04-25 13:09:24', NULL, 20000.00, 'cash', 'paid', 0, 1),
(70, 85, 54, 1, 2, NULL, 'TKT-260423-5414', '2026-04-23 01:30:18', '2026-04-25 13:00:58', NULL, 20000.00, 'cash', 'paid', 0, 1),
(71, 86, 55, 1, 2, NULL, 'TKT-260423-351B', '2026-04-23 01:30:26', '2026-04-25 13:00:43', NULL, 20000.00, 'cash', 'paid', 0, 1),
(72, 87, 56, 1, 2, NULL, 'TKT-260423-6969', '2026-04-23 01:34:38', '2026-04-25 13:09:24', NULL, 20000.00, 'cash', 'paid', 0, 1),
(73, 88, 57, 1, 2, NULL, 'TKT-260423-69F6', '2026-04-23 01:48:06', '2026-04-25 13:09:24', NULL, 20000.00, 'cash', 'paid', 0, 1),
(74, 89, 58, 1, 2, NULL, 'TKT-260423-720C', '2026-04-23 02:12:52', '2026-04-25 13:09:24', NULL, 20000.00, 'cash', 'paid', 0, 1),
(75, 90, 13, 1, 2, NULL, 'TKT-260423-2C09', '2026-04-23 02:27:00', '2026-04-25 13:09:24', NULL, 20000.00, 'cash', 'paid', 0, 1),
(76, 91, 7, 1, 1, NULL, 'TKT-260423-8AF3', '2026-04-23 17:06:51', '2026-04-25 13:09:24', NULL, 50000.00, 'cash', 'paid', 0, 1),
(77, 92, 8, 1, 1, NULL, 'TKT-260423-5DDB', '2026-04-23 17:30:16', '2026-04-25 13:09:24', NULL, 50000.00, 'cash', 'paid', 0, 1),
(78, 93, 6, 1, 1, NULL, 'TKT-260423-2C04', '2026-04-23 17:35:59', '2026-04-25 13:09:24', NULL, 50000.00, 'cash', 'paid', 0, 1),
(79, 94, 9, 1, 1, NULL, 'TKT-260423-C9FC', '2026-04-23 17:38:46', '2026-04-25 13:09:24', NULL, 50000.00, 'cash', 'paid', 0, 1),
(80, 95, 10, 1, 1, NULL, 'TKT-260423-4E1E', '2026-04-23 18:47:51', '2026-04-25 13:09:24', NULL, 50000.00, 'cash', 'paid', 0, 1),
(81, 96, 11, 1, 2, NULL, 'TKT-260423-0227', '2026-04-23 18:48:15', '2026-04-25 13:09:24', NULL, 20000.00, 'cash', 'paid', 0, 1),
(82, 97, 1, 1, 1, NULL, 'TKT-260423-B452', '2026-04-23 18:51:37', '2026-04-25 13:09:24', NULL, 50000.00, 'cash', 'paid', 0, 1),
(83, 98, 21, 1, 1, NULL, 'TKT-260423-62D3', '2026-04-23 18:51:46', '2026-04-25 13:09:24', NULL, 50000.00, 'cash', 'paid', 0, 1),
(84, 99, 22, 1, 1, NULL, 'TKT-260423-2A1B', '2026-04-23 18:54:24', '2026-04-25 13:09:24', NULL, 50000.00, 'cash', 'paid', 0, 1),
(85, 100, 24, 1, 1, NULL, 'TKT-260423-1535', '2026-04-23 18:57:30', '2026-04-23 22:55:58', NULL, 62500.00, 'cash', 'paid', 0, 1),
(86, 101, 12, 1, 2, NULL, 'TKT-260423-81AB', '2026-04-23 18:57:41', '2026-04-23 22:52:02', NULL, 55000.00, 'cash', 'paid', 0, 1),
(87, 102, 25, 1, 1, NULL, 'TKT-260423-AC60', '2026-04-23 19:04:23', '2026-04-23 22:51:58', NULL, 62500.00, 'cash', 'paid', 0, 1),
(88, 104, 4, 1, 1, NULL, 'TKT-260423-577F', '2026-04-23 22:52:10', '2026-04-23 22:55:48', NULL, 6500.00, 'cash', 'paid', 0, 1),
(89, 105, 12, 1, 2, NULL, 'TKT-260423-5ADB', '2026-04-23 22:52:15', '2026-04-24 00:18:36', NULL, 3000.00, 'cash', 'paid', 0, 1),
(90, 108, 12, 1, 2, NULL, 'TKT-260424-AAA8', '2026-04-24 22:43:48', '2026-04-25 12:17:42', NULL, 15000.00, 'cash', 'paid', 0, 1),
(91, 109, 2, 1, 1, NULL, 'TKT-260424-3F03', '2026-04-24 23:08:45', '2026-04-24 23:08:55', 0.02, 6500.00, 'cash', 'paid', 0, 1),
(92, 110, 2, 1, 1, NULL, 'TKT-260424-0E00', '2026-04-24 23:10:09', '2026-04-25 12:17:40', NULL, 32500.00, 'cash', 'paid', 0, 1),
(93, 111, 15, 1, 2, NULL, 'TKT-260424-1BD9', '2026-04-24 23:10:15', '2026-04-25 12:17:37', NULL, 15000.00, 'cash', 'paid', 0, 1),
(94, 112, 3, 1, 1, NULL, 'TKT-260425-46CA', '2026-04-25 12:02:51', '2026-04-25 12:17:35', NULL, 6500.00, 'cash', 'paid', 0, 1),
(95, 113, 16, 1, 2, NULL, 'TKT-260425-2CD0', '2026-04-25 12:02:59', '2026-04-25 12:17:32', NULL, 2000.00, 'cash', 'paid', 0, 1),
(97, 114, 14, 1, 2, NULL, 'TKT-260425-B8A6', '2026-04-25 12:13:55', '2026-04-25 12:17:30', NULL, 2000.00, 'cash', 'paid', 0, 1),
(98, 115, 4, 1, 1, NULL, 'TKT-260425-D4B0', '2026-04-25 12:14:05', '2026-04-25 12:17:25', NULL, 6500.00, 'cash', 'paid', 0, 1),
(99, 116, 2, 1, 1, 19, 'RSV-260425-0C9C', '2026-04-25 12:25:51', '2026-04-25 12:31:02', 0.08, 6500.00, 'cash', 'paid', 0, 1),
(100, 116, 12, 1, 2, 20, 'RSV-260425-6156', '2026-04-25 12:38:10', '2026-04-25 12:51:07', 0.20, 2000.00, 'cash', 'paid', 0, 1),
(101, 116, 2, 1, 1, 21, 'RSV-260425-79ED', '2026-04-25 12:59:46', '2026-04-25 13:00:07', 0.02, 6500.00, 'cash', 'paid', 0, 1),
(102, 119, 1, 1, 1, NULL, 'TKT-260425-01FE', '2026-04-25 14:25:45', NULL, NULL, NULL, 'cash', 'unpaid', 0, 0),
(103, 120, 11, 1, 2, NULL, 'TKT-260425-45F2', '2026-04-25 14:27:10', '2026-04-25 14:27:21', 0.02, 2000.00, 'cash', 'paid', 0, 0),
(104, 121, 11, 1, 2, NULL, 'TKT-260425-F2D6', '2026-04-25 14:35:56', NULL, NULL, NULL, 'cash', 'unpaid', 0, 0),
(105, 122, 12, 1, 2, NULL, 'TKT-260425-BF38', '2026-04-25 14:38:29', NULL, NULL, NULL, 'cash', 'unpaid', 0, 0),
(106, 123, 2, 1, 1, NULL, 'TKT-260425-7E25', '2026-04-25 14:38:36', NULL, NULL, NULL, 'cash', 'unpaid', 0, 0),
(107, 124, 3, 1, 1, NULL, 'TKT-260425-C15D', '2026-04-25 14:46:24', NULL, NULL, NULL, 'cash', 'unpaid', 0, 0),
(108, 125, 4, 1, 1, NULL, 'TKT-260425-2985', '2026-04-25 15:17:34', NULL, NULL, NULL, 'cash', 'unpaid', 0, 0),
(109, 126, 26, 1, 2, NULL, 'TKT-260425-A28E', '2026-04-25 15:17:41', NULL, NULL, NULL, 'cash', 'unpaid', 0, 0),
(110, 127, 5, 1, 1, NULL, 'TKT-260425-3924', '2026-04-25 17:42:28', NULL, NULL, NULL, 'cash', 'unpaid', 0, 0),
(111, 128, 27, 1, 2, NULL, 'TKT-260425-16E0', '2026-04-25 17:43:13', NULL, NULL, NULL, 'cash', 'unpaid', 0, 0),
(112, 129, 28, 1, 2, NULL, 'TKT-260425-408D', '2026-04-25 17:43:48', NULL, NULL, NULL, 'cash', 'unpaid', 0, 0),
(113, 130, 29, 1, 2, NULL, 'TKT-260425-A297', '2026-04-25 17:45:04', '2026-04-25 17:47:43', 0.03, 2000.00, 'cash', 'paid', 0, 0),
(114, 131, 6, 1, 1, NULL, 'TKT-260425-CD0C', '2026-04-25 17:45:09', '2026-04-25 17:45:36', 0.02, 4000.00, 'cash', 'paid', 0, 0),
(115, 132, 29, 1, 2, NULL, 'TKT-260425-8A1D', '2026-04-25 18:22:39', NULL, NULL, NULL, 'cash', 'unpaid', 0, 0),
(116, 133, 30, 1, 2, NULL, 'TKT-260425-BA70', '2026-04-25 18:23:00', NULL, NULL, NULL, 'cash', 'unpaid', 0, 0),
(117, 134, 6, 1, 1, NULL, 'TKT-260425-ECA9', '2026-04-25 18:24:48', NULL, NULL, NULL, 'cash', 'unpaid', 0, 0),
(118, 135, 31, 1, 2, NULL, 'TKT-260425-10D7', '2026-04-25 18:24:56', NULL, NULL, NULL, 'cash', 'unpaid', 0, 0),
(119, 136, 32, 1, 2, NULL, 'TKT-260425-1BC4', '2026-04-25 18:25:58', '2026-04-25 18:26:08', 0.02, 2000.00, 'cash', 'paid', 0, 0),
(120, 137, 32, 1, 2, NULL, 'TKT-260425-9E38', '2026-04-25 18:26:48', '2026-04-25 18:27:08', 0.02, 2000.00, 'cash', 'paid', 0, 0),
(121, 138, 32, 1, 2, NULL, 'TKT-260425-51D6', '2026-04-25 18:27:14', NULL, NULL, NULL, 'cash', 'unpaid', 0, 0),
(122, 139, 7, 1, 1, NULL, 'TKT-260425-8E88', '2026-04-25 18:27:20', '2026-04-25 18:27:45', 0.02, 4000.00, 'cash', 'paid', 0, 0),
(123, 140, 7, 1, 1, NULL, 'TKT-260425-1D22', '2026-04-25 18:27:55', '2026-04-25 18:28:08', 0.02, 4000.00, 'cash', 'paid', 0, 0),
(124, 141, 33, 1, 2, NULL, 'TKT-260425-5D00', '2026-04-25 18:35:56', NULL, NULL, NULL, 'cash', 'unpaid', 0, 0),
(125, 142, 34, 1, 2, NULL, 'TKT-260425-6F86', '2026-04-25 18:36:03', NULL, NULL, NULL, 'cash', 'unpaid', 0, 0),
(126, 143, 7, 1, 1, NULL, 'TKT-260425-1CCB', '2026-04-25 18:36:27', '2026-04-25 18:37:28', 0.02, 4000.00, 'cash', 'paid', 0, 0),
(127, 144, 35, 1, 2, NULL, 'TKT-260425-43E8', '2026-04-25 18:38:51', NULL, NULL, NULL, 'cash', 'unpaid', 0, 0),
(128, 145, 7, 1, 1, NULL, 'TKT-260425-7C70', '2026-04-25 18:40:41', NULL, NULL, NULL, 'cash', 'unpaid', 0, 0),
(129, 146, 36, 1, 2, NULL, 'TKT-260425-87AD', '2026-04-25 18:41:16', '2026-04-25 18:41:27', 0.02, 2000.00, 'cash', 'paid', 0, 0);

-- --------------------------------------------------------

--
-- Table structure for table `transaction_log`
--

CREATE TABLE `transaction_log` (
  `log_id` int(11) NOT NULL,
  `transaction_id` int(11) DEFAULT NULL,
  `action_time` datetime DEFAULT current_timestamp(),
  `action_type` varchar(50) DEFAULT NULL,
  `total_fee` decimal(10,2) DEFAULT NULL,
  `notes` varchar(255) DEFAULT NULL
) ENGINE=InnoDB DEFAULT CHARSET=utf8mb4 COLLATE=utf8mb4_general_ci;

--
-- Dumping data for table `transaction_log`
--

INSERT INTO `transaction_log` (`log_id`, `transaction_id`, `action_time`, `action_type`, `total_fee`, `notes`) VALUES
(1, 1, '2026-04-14 19:26:02', 'VEHICLE_CHECKOUT', 4000.00, NULL),
(2, 2, '2026-04-15 00:30:33', 'VEHICLE_CHECKOUT', 4000.00, NULL),
(3, 12, '2026-04-15 01:23:00', 'VEHICLE_CHECKOUT', 4000.00, NULL),
(4, 3, '2026-04-15 01:32:52', 'VEHICLE_CHECKOUT', 4000.00, NULL),
(5, 4, '2026-04-15 01:35:41', 'VEHICLE_CHECKOUT', 4000.00, NULL),
(6, 5, '2026-04-15 01:36:16', 'VEHICLE_CHECKOUT', 4000.00, NULL),
(7, 11, '2026-04-15 01:36:29', 'VEHICLE_CHECKOUT', 4000.00, NULL),
(8, 8, '2026-04-15 01:45:09', 'VEHICLE_CHECKOUT', 4000.00, NULL),
(9, 13, '2026-04-15 16:32:04', 'VEHICLE_CHECKOUT', 4000.00, NULL),
(10, 6, '2026-04-18 02:22:26', 'VEHICLE_CHECKOUT', 50000.00, NULL),
(11, 7, '2026-04-18 02:22:51', 'VEHICLE_CHECKOUT', 50000.00, NULL),
(12, 19, '2026-04-18 02:54:45', 'VEHICLE_CHECKOUT', 50000.00, NULL),
(13, 26, '2026-04-18 02:55:09', 'VEHICLE_CHECKOUT', 4000.00, NULL),
(14, 27, '2026-04-18 03:00:41', 'VEHICLE_CHECKOUT', 4000.00, NULL),
(15, 47, '2026-04-22 17:25:28', 'VEHICLE_CHECKOUT', 4000.00, NULL),
(16, 48, '2026-04-22 17:25:54', 'VEHICLE_CHECKOUT', 2000.00, NULL),
(17, 50, '2026-04-22 17:51:54', 'VEHICLE_CHECKOUT', 6500.00, NULL),
(18, 67, '2026-04-23 00:37:13', 'VEHICLE_CHECKOUT', 6500.00, NULL),
(19, 9, '2026-04-23 02:23:28', 'VEHICLE_CHECKOUT', 50000.00, NULL),
(20, 10, '2026-04-23 02:23:46', 'VEHICLE_CHECKOUT', 50000.00, NULL),
(21, 29, '2026-04-23 02:24:42', 'VEHICLE_CHECKOUT', 20000.00, NULL),
(22, 14, '2026-04-23 17:33:19', 'VEHICLE_CHECKOUT', 50000.00, NULL),
(23, 15, '2026-04-23 17:38:39', 'VEHICLE_CHECKOUT', 50000.00, NULL),
(24, 16, '2026-04-23 18:47:34', 'VEHICLE_CHECKOUT', 50000.00, NULL),
(25, 20, '2026-04-23 18:47:45', 'VEHICLE_CHECKOUT', 20000.00, NULL),
(26, 17, '2026-04-23 18:51:00', 'VEHICLE_CHECKOUT', 50000.00, NULL),
(27, 18, '2026-04-23 18:51:13', 'VEHICLE_CHECKOUT', 50000.00, NULL),
(28, 22, '2026-04-23 18:51:24', 'VEHICLE_CHECKOUT', 50000.00, NULL),
(29, 21, '2026-04-23 18:56:41', 'VEHICLE_CHECKOUT', 50000.00, NULL),
(30, 28, '2026-04-23 18:56:53', 'VEHICLE_CHECKOUT', 20000.00, NULL),
(31, 23, '2026-04-23 19:04:10', 'VEHICLE_CHECKOUT', 50000.00, NULL),
(32, 24, '2026-04-23 19:08:51', 'VEHICLE_CHECKOUT', 50000.00, NULL),
(33, 25, '2026-04-23 19:09:14', 'VEHICLE_CHECKOUT', 50000.00, NULL),
(34, 31, '2026-04-23 19:10:51', 'VEHICLE_CHECKOUT', 20000.00, NULL),
(35, 30, '2026-04-23 19:15:13', 'VEHICLE_CHECKOUT', 50000.00, NULL),
(36, 33, '2026-04-23 19:18:11', 'VEHICLE_CHECKOUT', 20000.00, NULL),
(37, 32, '2026-04-23 19:21:04', 'VEHICLE_CHECKOUT', 50000.00, NULL),
(38, 34, '2026-04-23 19:21:46', 'VEHICLE_CHECKOUT', 50000.00, NULL),
(39, 36, '2026-04-23 19:24:52', 'VEHICLE_CHECKOUT', 20000.00, NULL),
(40, 38, '2026-04-23 19:29:34', 'VEHICLE_CHECKOUT', 20000.00, NULL),
(41, 37, '2026-04-23 19:30:28', 'VEHICLE_CHECKOUT', 50000.00, NULL),
(42, 35, '2026-04-23 19:32:08', 'VEHICLE_CHECKOUT', 50000.00, NULL),
(43, 91, '2026-04-24 23:08:55', 'VEHICLE_CHECKOUT', 6500.00, NULL),
(44, 99, '2026-04-25 12:31:02', 'VEHICLE_CHECKOUT', 6500.00, NULL),
(45, 100, '2026-04-25 12:51:07', 'VEHICLE_CHECKOUT', 2000.00, NULL),
(46, 101, '2026-04-25 13:00:07', 'VEHICLE_CHECKOUT', 6500.00, NULL),
(47, 103, '2026-04-25 14:27:21', 'VEHICLE_CHECKOUT', 2000.00, NULL),
(48, 114, '2026-04-25 17:45:36', 'VEHICLE_CHECKOUT', 4000.00, NULL),
(49, 113, '2026-04-25 17:47:43', 'VEHICLE_CHECKOUT', 2000.00, NULL),
(50, 119, '2026-04-25 18:26:08', 'VEHICLE_CHECKOUT', 2000.00, NULL),
(51, 120, '2026-04-25 18:27:08', 'VEHICLE_CHECKOUT', 2000.00, NULL),
(52, 122, '2026-04-25 18:27:45', 'VEHICLE_CHECKOUT', 4000.00, NULL),
(53, 123, '2026-04-25 18:28:08', 'VEHICLE_CHECKOUT', 4000.00, NULL),
(54, 126, '2026-04-25 18:37:28', 'VEHICLE_CHECKOUT', 4000.00, NULL),
(55, 129, '2026-04-25 18:41:27', 'VEHICLE_CHECKOUT', 2000.00, NULL);

-- --------------------------------------------------------

--
-- Table structure for table `vehicle`
--

CREATE TABLE `vehicle` (
  `vehicle_id` int(11) NOT NULL,
  `plate_number` varchar(15) DEFAULT NULL,
  `vehicle_type` enum('car','motorcycle') NOT NULL,
  `owner_name` varchar(100) NOT NULL DEFAULT 'Guest',
  `owner_phone` varchar(20) DEFAULT NULL
) ENGINE=InnoDB DEFAULT CHARSET=utf8mb4 COLLATE=utf8mb4_general_ci;

--
-- Dumping data for table `vehicle`
--

INSERT INTO `vehicle` (`vehicle_id`, `plate_number`, `vehicle_type`, `owner_name`, `owner_phone`) VALUES
(1, 'GUEST-DBE0', 'car', 'Guest', NULL),
(2, 'B 1234 BA', 'car', 'Guest', '085229890542'),
(3, 'GUEST-C9EF', 'car', 'Guest', NULL),
(6, 'GUEST-80CC', 'car', 'Guest', NULL),
(7, NULL, 'car', 'Guest', NULL),
(8, NULL, 'car', 'Guest', NULL),
(9, NULL, 'car', 'Guest', NULL),
(10, 'GUEST-E2E8', 'car', 'Guest', NULL),
(11, NULL, 'car', 'Guest', NULL),
(12, NULL, 'car', 'Guest', NULL),
(13, NULL, 'car', 'Guest', NULL),
(14, NULL, 'car', 'Guest', NULL),
(15, NULL, 'car', 'Guest', NULL),
(16, NULL, 'car', 'Guest', NULL),
(18, NULL, 'car', 'Guest', NULL),
(19, NULL, 'car', 'Guest', NULL),
(20, NULL, 'car', 'Guest', NULL),
(21, NULL, 'car', 'Guest', NULL),
(22, NULL, 'car', 'Guest', NULL),
(23, NULL, 'car', 'Guest', NULL),
(24, NULL, 'motorcycle', 'Guest', NULL),
(25, NULL, 'car', 'Guest', NULL),
(27, NULL, 'car', 'Guest', NULL),
(29, NULL, 'car', 'Guest', NULL),
(31, NULL, 'car', 'Guest', NULL),
(32, NULL, 'car', 'Guest', NULL),
(33, NULL, 'car', 'Guest', NULL),
(34, NULL, 'car', 'Guest', NULL),
(35, 'DFDFDF', 'motorcycle', 'Guest', '085229890542'),
(39, NULL, 'motorcycle', 'Guest', NULL),
(40, NULL, 'motorcycle', 'Guest', NULL),
(41, NULL, 'car', 'Guest', NULL),
(42, NULL, 'motorcycle', 'Guest', NULL),
(43, NULL, 'car', 'Guest', NULL),
(44, NULL, 'motorcycle', 'Guest', NULL),
(45, NULL, 'car', 'Guest', NULL),
(46, 'DFDF', 'car', 'Guest', NULL),
(48, NULL, 'car', 'Guest', NULL),
(49, NULL, 'motorcycle', 'Guest', NULL),
(50, NULL, 'car', 'Guest', NULL),
(51, NULL, 'motorcycle', 'Guest', NULL),
(53, NULL, 'car', 'Guest', NULL),
(54, NULL, 'motorcycle', 'Guest', NULL),
(55, NULL, 'car', 'Guest', NULL),
(56, NULL, 'motorcycle', 'Guest', NULL),
(57, NULL, 'car', 'Guest', NULL),
(58, NULL, 'motorcycle', 'Guest', NULL),
(59, NULL, 'car', 'Guest', NULL),
(60, NULL, 'motorcycle', 'Guest', NULL),
(62, NULL, 'car', 'Guest', NULL),
(63, NULL, 'motorcycle', 'Guest', NULL),
(64, NULL, 'car', 'Guest', NULL),
(65, NULL, 'car', 'Guest', NULL),
(66, NULL, 'car', 'Guest', NULL),
(67, NULL, 'motorcycle', 'Guest', NULL),
(68, NULL, 'car', 'Guest', NULL),
(69, NULL, 'motorcycle', 'Guest', NULL),
(70, NULL, 'car', 'Guest', NULL),
(71, NULL, 'motorcycle', 'Guest', NULL),
(72, NULL, 'motorcycle', 'Guest', NULL),
(73, NULL, 'motorcycle', 'Guest', NULL),
(74, NULL, 'motorcycle', 'Guest', NULL),
(75, NULL, 'motorcycle', 'Guest', NULL),
(76, NULL, 'motorcycle', 'Guest', NULL),
(77, NULL, 'motorcycle', 'Guest', NULL),
(78, NULL, 'motorcycle', 'Guest', NULL),
(79, NULL, 'motorcycle', 'Guest', NULL),
(80, NULL, 'motorcycle', 'Guest', NULL),
(81, NULL, 'motorcycle', 'Guest', NULL),
(82, NULL, 'car', 'Guest', NULL),
(83, NULL, 'car', 'Guest', NULL),
(84, NULL, 'motorcycle', 'Guest', NULL),
(85, NULL, 'motorcycle', 'Guest', NULL),
(86, NULL, 'motorcycle', 'Guest', NULL),
(87, NULL, 'motorcycle', 'Guest', NULL),
(88, NULL, 'motorcycle', 'Guest', NULL),
(89, NULL, 'motorcycle', 'Guest', NULL),
(90, NULL, 'motorcycle', 'Guest', NULL),
(91, NULL, 'car', 'Guest', NULL),
(92, NULL, 'car', 'Guest', NULL),
(93, NULL, 'car', 'Guest', NULL),
(94, NULL, 'car', 'Guest', NULL),
(95, NULL, 'car', 'Guest', NULL),
(96, NULL, 'motorcycle', 'Guest', NULL),
(97, NULL, 'car', 'Guest', NULL),
(98, NULL, 'car', 'Guest', NULL),
(99, NULL, 'car', 'Guest', NULL),
(100, NULL, 'car', 'Guest', NULL),
(101, NULL, 'motorcycle', 'Guest', NULL),
(102, NULL, 'car', 'Guest', NULL),
(104, NULL, 'car', 'Guest', NULL),
(105, NULL, 'motorcycle', 'Guest', NULL),
(108, NULL, 'motorcycle', 'Guest', NULL),
(109, NULL, 'car', 'Guest', NULL),
(110, NULL, 'car', 'Guest', NULL),
(111, NULL, 'motorcycle', 'Guest', NULL),
(112, NULL, 'car', 'Guest', NULL),
(113, NULL, 'motorcycle', 'Guest', NULL),
(114, NULL, 'motorcycle', 'Guest', NULL),
(115, NULL, 'car', 'Guest', NULL),
(116, 'B 6712 EE', 'car', 'Byn', '085229890542'),
(119, NULL, 'car', 'Guest', NULL),
(120, NULL, 'motorcycle', 'Guest', NULL),
(121, NULL, 'motorcycle', 'Guest', NULL),
(122, NULL, 'motorcycle', 'Guest', NULL),
(123, NULL, 'car', 'Guest', NULL),
(124, NULL, 'car', 'Guest', NULL),
(125, NULL, 'car', 'Guest', NULL),
(126, NULL, 'motorcycle', 'Guest', NULL),
(127, NULL, 'car', 'Guest', NULL),
(128, NULL, 'motorcycle', 'Guest', NULL),
(129, NULL, 'motorcycle', 'Guest', NULL),
(130, NULL, 'motorcycle', 'Guest', NULL),
(131, NULL, 'car', 'Guest', NULL),
(132, NULL, 'motorcycle', 'Guest', NULL),
(133, NULL, 'motorcycle', 'Guest', NULL),
(134, NULL, 'car', 'Guest', NULL),
(135, NULL, 'motorcycle', 'Guest', NULL),
(136, NULL, 'motorcycle', 'Guest', NULL),
(137, NULL, 'motorcycle', 'Guest', NULL),
(138, NULL, 'motorcycle', 'Guest', NULL),
(139, NULL, 'car', 'Guest', NULL),
(140, NULL, 'car', 'Guest', NULL),
(141, NULL, 'motorcycle', 'Guest', NULL),
(142, NULL, 'motorcycle', 'Guest', NULL),
(143, NULL, 'car', 'Guest', NULL),
(144, NULL, 'motorcycle', 'Guest', NULL),
(145, NULL, 'car', 'Guest', NULL),
(146, NULL, 'motorcycle', 'Guest', NULL);

--
-- Indexes for dumped tables
--

--
-- Indexes for table `admin_users`
--
ALTER TABLE `admin_users`
  ADD PRIMARY KEY (`user_id`),
  ADD UNIQUE KEY `uk_username` (`username`);

--
-- Indexes for table `floor`
--
ALTER TABLE `floor`
  ADD PRIMARY KEY (`floor_id`),
  ADD UNIQUE KEY `uk_floor_code` (`floor_code`);

--
-- Indexes for table `operator`
--
ALTER TABLE `operator`
  ADD PRIMARY KEY (`operator_id`);

--
-- Indexes for table `parking_rate`
--
ALTER TABLE `parking_rate`
  ADD PRIMARY KEY (`rate_id`),
  ADD UNIQUE KEY `uk_vehicle_type` (`vehicle_type`);

--
-- Indexes for table `parking_slot`
--
ALTER TABLE `parking_slot`
  ADD PRIMARY KEY (`slot_id`),
  ADD UNIQUE KEY `uk_slot_number` (`slot_number`),
  ADD KEY `idx_status` (`status`),
  ADD KEY `idx_floor_type` (`floor_id`,`slot_type`);

--
-- Indexes for table `plate_scan_log`
--
ALTER TABLE `plate_scan_log`
  ADD PRIMARY KEY (`scan_id`),
  ADD KEY `idx_scan_time` (`scan_time`),
  ADD KEY `idx_ticket_code` (`ticket_code`);

--
-- Indexes for table `reservation`
--
ALTER TABLE `reservation`
  ADD PRIMARY KEY (`reservation_id`),
  ADD UNIQUE KEY `uk_reservation_code` (`reservation_code`),
  ADD KEY `fk_res_vehicle` (`vehicle_id`),
  ADD KEY `fk_res_slot` (`slot_id`),
  ADD KEY `idx_res_status` (`status`),
  ADD KEY `idx_plate_lookup` (`plate_number`,`status`);

--
-- Indexes for table `shift_attendance`
--
ALTER TABLE `shift_attendance`
  ADD PRIMARY KEY (`attendance_id`),
  ADD KEY `user_id` (`user_id`),
  ADD KEY `staff_id` (`staff_id`);

--
-- Indexes for table `ticket`
--
ALTER TABLE `ticket`
  ADD PRIMARY KEY (`ticket_id`),
  ADD UNIQUE KEY `uk_ticket_code` (`ticket_code`),
  ADD KEY `fk_ticket_trx` (`transaction_id`);

--
-- Indexes for table `transaction`
--
ALTER TABLE `transaction`
  ADD PRIMARY KEY (`transaction_id`),
  ADD KEY `fk_trx_vehicle` (`vehicle_id`),
  ADD KEY `fk_trx_slot` (`slot_id`),
  ADD KEY `fk_trx_operator` (`operator_id`),
  ADD KEY `fk_trx_rate` (`rate_id`),
  ADD KEY `idx_payment_status` (`payment_status`),
  ADD KEY `idx_check_out_time` (`check_out_time`),
  ADD KEY `idx_check_in_time` (`check_in_time`);

--
-- Indexes for table `transaction_log`
--
ALTER TABLE `transaction_log`
  ADD PRIMARY KEY (`log_id`),
  ADD KEY `idx_trx_log_time` (`action_time`),
  ADD KEY `fk_log_trx` (`transaction_id`);

--
-- Indexes for table `vehicle`
--
ALTER TABLE `vehicle`
  ADD PRIMARY KEY (`vehicle_id`),
  ADD UNIQUE KEY `uk_plate_number` (`plate_number`),
  ADD KEY `idx_plate` (`plate_number`);

--
-- AUTO_INCREMENT for dumped tables
--

--
-- AUTO_INCREMENT for table `admin_users`
--
ALTER TABLE `admin_users`
  MODIFY `user_id` int(11) NOT NULL AUTO_INCREMENT, AUTO_INCREMENT=5;

--
-- AUTO_INCREMENT for table `floor`
--
ALTER TABLE `floor`
  MODIFY `floor_id` int(11) NOT NULL AUTO_INCREMENT, AUTO_INCREMENT=4;

--
-- AUTO_INCREMENT for table `operator`
--
ALTER TABLE `operator`
  MODIFY `operator_id` int(11) NOT NULL AUTO_INCREMENT, AUTO_INCREMENT=7;

--
-- AUTO_INCREMENT for table `parking_rate`
--
ALTER TABLE `parking_rate`
  MODIFY `rate_id` int(11) NOT NULL AUTO_INCREMENT, AUTO_INCREMENT=3;

--
-- AUTO_INCREMENT for table `parking_slot`
--
ALTER TABLE `parking_slot`
  MODIFY `slot_id` int(11) NOT NULL AUTO_INCREMENT, AUTO_INCREMENT=61;

--
-- AUTO_INCREMENT for table `plate_scan_log`
--
ALTER TABLE `plate_scan_log`
  MODIFY `scan_id` int(11) NOT NULL AUTO_INCREMENT, AUTO_INCREMENT=336;

--
-- AUTO_INCREMENT for table `reservation`
--
ALTER TABLE `reservation`
  MODIFY `reservation_id` int(11) NOT NULL AUTO_INCREMENT, AUTO_INCREMENT=22;

--
-- AUTO_INCREMENT for table `shift_attendance`
--
ALTER TABLE `shift_attendance`
  MODIFY `attendance_id` int(11) NOT NULL AUTO_INCREMENT, AUTO_INCREMENT=46;

--
-- AUTO_INCREMENT for table `ticket`
--
ALTER TABLE `ticket`
  MODIFY `ticket_id` int(11) NOT NULL AUTO_INCREMENT, AUTO_INCREMENT=129;

--
-- AUTO_INCREMENT for table `transaction`
--
ALTER TABLE `transaction`
  MODIFY `transaction_id` int(11) NOT NULL AUTO_INCREMENT, AUTO_INCREMENT=130;

--
-- AUTO_INCREMENT for table `transaction_log`
--
ALTER TABLE `transaction_log`
  MODIFY `log_id` int(11) NOT NULL AUTO_INCREMENT, AUTO_INCREMENT=56;

--
-- AUTO_INCREMENT for table `vehicle`
--
ALTER TABLE `vehicle`
  MODIFY `vehicle_id` int(11) NOT NULL AUTO_INCREMENT, AUTO_INCREMENT=147;

--
-- Constraints for dumped tables
--

--
-- Constraints for table `parking_slot`
--
ALTER TABLE `parking_slot`
  ADD CONSTRAINT `fk_slot_floor` FOREIGN KEY (`floor_id`) REFERENCES `floor` (`floor_id`);

--
-- Constraints for table `plate_scan_log`
--
ALTER TABLE `plate_scan_log`
  ADD CONSTRAINT `fk_scan_ticket` FOREIGN KEY (`ticket_code`) REFERENCES `ticket` (`ticket_code`);

--
-- Constraints for table `reservation`
--
ALTER TABLE `reservation`
  ADD CONSTRAINT `fk_res_slot` FOREIGN KEY (`slot_id`) REFERENCES `parking_slot` (`slot_id`),
  ADD CONSTRAINT `fk_res_vehicle` FOREIGN KEY (`vehicle_id`) REFERENCES `vehicle` (`vehicle_id`);

--
-- Constraints for table `shift_attendance`
--
ALTER TABLE `shift_attendance`
  ADD CONSTRAINT `shift_attendance_ibfk_1` FOREIGN KEY (`user_id`) REFERENCES `admin_users` (`user_id`) ON DELETE CASCADE,
  ADD CONSTRAINT `shift_attendance_ibfk_2` FOREIGN KEY (`staff_id`) REFERENCES `operator` (`operator_id`) ON DELETE CASCADE;

--
-- Constraints for table `ticket`
--
ALTER TABLE `ticket`
  ADD CONSTRAINT `fk_ticket_trx` FOREIGN KEY (`transaction_id`) REFERENCES `transaction` (`transaction_id`);

--
-- Constraints for table `transaction`
--
ALTER TABLE `transaction`
  ADD CONSTRAINT `fk_trx_operator` FOREIGN KEY (`operator_id`) REFERENCES `operator` (`operator_id`),
  ADD CONSTRAINT `fk_trx_rate` FOREIGN KEY (`rate_id`) REFERENCES `parking_rate` (`rate_id`),
  ADD CONSTRAINT `fk_trx_slot` FOREIGN KEY (`slot_id`) REFERENCES `parking_slot` (`slot_id`),
  ADD CONSTRAINT `fk_trx_vehicle` FOREIGN KEY (`vehicle_id`) REFERENCES `vehicle` (`vehicle_id`);

--
-- Constraints for table `transaction_log`
--
ALTER TABLE `transaction_log`
  ADD CONSTRAINT `fk_log_trx` FOREIGN KEY (`transaction_id`) REFERENCES `transaction` (`transaction_id`);
COMMIT;

/*!40101 SET CHARACTER_SET_CLIENT=@OLD_CHARACTER_SET_CLIENT */;
/*!40101 SET CHARACTER_SET_RESULTS=@OLD_CHARACTER_SET_RESULTS */;
/*!40101 SET COLLATION_CONNECTION=@OLD_COLLATION_CONNECTION */;
